BEGIN TRANSACTION;
CREATE TABLE IF NOT EXISTS "Users" (
	"id"	TEXT NOT NULL UNIQUE,
	"login_name"	TEXT NOT NULL UNIQUE,
	"password"	TEXT NOT NULL,
	"about"	TEXT,
	"pfp"	TEXT,
	"created"	DATETIME DEFAULT CURRENT_TIMESTAMP,
	PRIMARY KEY("id")
);
CREATE TABLE IF NOT EXISTS "Links" (
	"id"	TEXT NOT NULL UNIQUE,
	"url"	TEXT NOT NULL UNIQUE,
	"submitted_by"	TEXT,
	"submit_date"	DATETIME NOT NULL DEFAULT CURRENT_TIMESTAMP,
	"global_cats"	text,
	"global_summary"	text,
	"img_url"	text,
	PRIMARY KEY("ID"),
	FOREIGN KEY("submitted_by") REFERENCES "Users"("login_name")
);
CREATE TABLE IF NOT EXISTS "Link Copies" (
	"id"	TEXT NOT NULL UNIQUE,
	"link_id"	TEXT,
	"user_id"	TEXT,
	PRIMARY KEY("id"),
	FOREIGN KEY("user_id") REFERENCES "Users"("id"),
	FOREIGN KEY("link_id") REFERENCES "Links"("id")
);
CREATE TABLE IF NOT EXISTS "Link Likes" (
	"id"	TEXT NOT NULL UNIQUE,
	"link_id"	TEXT NOT NULL,
	"user_id"	TEXT NOT NULL,
	PRIMARY KEY("id"),
	FOREIGN KEY("user_id") REFERENCES "Users"("id"),
	FOREIGN KEY("link_id") REFERENCES "Links"("id")
);
CREATE TABLE IF NOT EXISTS "Tags" (
	"id"	TEXT NOT NULL UNIQUE,
	"link_id"	TEXT NOT NULL,
	"cats"	TEXT NOT NULL,
	"submitted_by"	TEXT NOT NULL,
	"last_updated"	DATETIME NOT NULL DEFAULT CURRENT_TIMESTAMP,
	FOREIGN KEY("link_id") REFERENCES "Links"("id"),
	PRIMARY KEY("id")
);
CREATE TABLE IF NOT EXISTS "Summaries" (
	"id"	TEXT NOT NULL UNIQUE,
	"text"	TEXT NOT NULL,
	"link_id"	TEXT NOT NULL,
	"submitted_by"	TEXT NOT NULL,
	"last_updated"	DATETIME NOT NULL DEFAULT '2024-04-10 03:48:09',
	FOREIGN KEY("submitted_by") REFERENCES "Users"("id"),
	FOREIGN KEY("link_id") REFERENCES "Links"("id"),
	PRIMARY KEY("id")
);
CREATE TABLE IF NOT EXISTS "Summary Likes" (
	"id"	TEXT NOT NULL UNIQUE,
	"summary_id"	TEXT NOT NULL,
	"user_id"	TEXT NOT NULL,
	FOREIGN KEY("user_id") REFERENCES "Users"("id"),
	FOREIGN KEY("summary_id") REFERENCES "Summaries"("id"),
	PRIMARY KEY("id")
);
INSERT INTO "Users" ("id","login_name","password","about","pfp","created") VALUES ('1','Test User','julian',NULL,NULL,'2024-04-10 03:48:09'),
 ('3','jlk','$2a$10$JZb/DHYDM8PFUoUHXqCbkueZgsw50Rcp/Ta.ir8a2YRH7m97xhDIm','Julian Lindsay-Kaufman

----------------------------------------------------------------------------
If your about section exceeds 200 characters, the first 200 will be shown immediately and the rest can be expanded by clicking the dropdown arrow above the text shown. This will hopefully keep things tidy while maintaining
the option to be very descriptive in your about text.

----------------------------------------------------------------------------','5c06119e-68f8-4694-9f0b-939a48a92d29.JPG','2024-04-10 03:48:09'),
 ('6','nelson','goolian',NULL,NULL,'2024-04-28 20:42:23'),
 ('7','xyz','goolian','','jerry','2024-04-28 20:54:58'),
 ('9','bradley','$2a$10$JsHSGu0RorX3LQQS55HMY.MpCDqA4nQlnnDJntBbzjn9sh666VJhG','the great bradley!',NULL,'2024-05-08 16:18:36'),
 ('13','monkey','$2a$10$u3nndrCO0QKM1oJ0teoBm.Tlx4slVIAGrY2Pyumoyg3yVnay3DDC6',NULL,'b928586f-caf9-4e95-b098-80b414002bdd.jpg','2024-06-28 17:55:32'),
 ('ca39e263-2ac7-4d70-abc5-b9b8f1bff332','Auto Summary','',NULL,NULL,'2024-07-10 03:26:52'),
 ('2e929a7a-6f3a-416f-aaf6-bcec672227a3','newname','$2a$10$QiaB8fQKWpWDjbVHOeke.OkOAYtbIe7foAR3z0NkyIW91BUcbok.q',NULL,NULL,'2024-09-03');
INSERT INTO "Links" ("id","url","submitted_by","submit_date","global_cats","global_summary","img_url") VALUES ('0','https://www.googlee.com','Test User','2024-04-10 03:48:09','flowers','Classic search engine',''),
 ('1','https://www.cars.com','Test User','2024-04-27 03:48:46','flowers,hate,i,idk,jungle,knights,monkeys,something,sql,talladega','xyz',NULL),
 ('7','bingiebingie.com','jlk','2024-04-27 00:01:14','7,lucky','a great summary',NULL),
 ('8','bingiebingiebingie.com','nelson','2024-04-27 00:02:54','bingles,blarvy,flowers,jarvy,jungle,sauciness,something,umvc3','Jarvy init',NULL),
 ('9','https://yay.com','nelson','2024-04-28 14:59:21','flowers,umvc3','A magnificent summary of this link''s content',NULL),
 ('10','xyz','xyz','2024-04-28 15:23:24','flowers,jungle,something,test,umvc3','Doesn''t seem to be a real site...',NULL),
 ('11','zyx','xyz','2024-05-01 15:34:33','test','test',''),
 ('13','https://www.pong.com','jlk','2024-05-04 20:02:17','food,beer,games','Site about pong?',NULL),
 ('14','https://julianlk.com','nelson','2024-05-04 20:08:44','','Biggs',NULL),
 ('15','example.com','Test User','2024-05-08 06:44:03','animals,nonsense','donut',NULL),
 ('19','https://www.vercel.com','bradley','2024-05-09 23:08:57','bingie shmingie,bingiebingie,frontend,idkwhatserverlessmeans,serverless,webdev','Vercel: Build and deploy the best Web experiences with The Frontend Cloud',NULL),
 ('21','https://garfield.com','bradley','2024-05-09 23:24:38','','a stupendous summary',NULL),
 ('22','https://barbie.com','bradley','2024-05-14 21:21:22','barbie,doll,magic,wow','Barbie Toys & Playsets | Mattel Shop',NULL),
 ('23','https://netflix.com','jlk','2024-05-14 21:23:30','streaming,lameness','Excellent time-wasting resource',NULL),
 ('24','https://www.ronjarzombek.com','bradley','2024-05-14 21:23:30','test,ronnyj','rockstar site',NULL),
 ('26','https://www.serebii.net','bradley','2024-05-26 15:20:49','flowers,pokemans','Serebii.net - Where Legends Come To Life',NULL),
 ('27','https://news.ycombinator.com','bradley','2024-05-26 17:21:38','','Hacker News',NULL),
 ('29','https://www.youtube.com/watch?v=L4gaqVH0QHU','bradley','2024-05-28 15:00:31','umvc3','Match Timestamps:0:00 Intro3:04 LiberalTerminator (Nova, Spencer, Doom) vs. BManTheBigHero (Deadpool, Dante, Hawkeye)17:00 Evasion (Zero, Dante, Vergil) vs. ...','https://i.ytimg.com/vi/L4gaqVH0QHU/maxresdefault.jpg'),
 ('30','https://www.youtube.com/watch?v=XdfoXdzGmr0','bradley','2024-05-31 21:01:21',' hype,lt,marvel','COMBO BREAKER 2024 UMvC3 Top 32 (LiberalTerminator Ronan Healy Frankie G Wedge iDom) Marvel Tourney - YouTube','https://i.ytimg.com/vi/XdfoXdzGmr0/maxresdefault.jpg'),
 ('31','https://www.youtube.com/watch?v=9J1nJOivdyw','bradley','2024-05-31 21:12:45','flowerss,nerd,shit','Web Server Concepts and Examples - YouTube','https://i.ytimg.com/vi/9J1nJOivdyw/maxresdefault.jpg'),
 ('32','https://www.youtube.com/watch?v=9nyiY-psbMs','bradley','2024-05-31 21:13:40','merry,wristmas','Apache vs NGINX - YouTube','https://i.ytimg.com/vi/9nyiY-psbMs/maxresdefault.jpg'),
 ('35','https://www.reddit.com','bradley','2024-06-18 16:17:42','cool,share.web.content,site,to','Reddit - Dive into anything',''),
 ('37','https://www.yahoo.com/finance','bradley','2024-06-18 16:24:30','better,plain,than,yahoo','Yahoo Finance - Stock Market Live, Quotes, Business & Finance News','https://s.yimg.com/cv/apiv2/social/images/yahoo_default_logo.png'),
 ('52','https://www.go-chi.io/#/README','bradley','2024-06-18 18:10:49','go,golang,http,library,net,router','A lightweight, idiomatic and composable router for building Go HTTP services.',''),
 ('55','https://www.yahoo.com','bradley','2024-06-18 18:17:48','news,old','Latest news coverage, email, free stock quotes, live scores and video are just the beginning. Discover more every day at Yahoo!','https://s.yimg.com/cv/apiv2/social/images/yahoo_default_logo.png'),
 ('62','https://www.facebook.com','bradley','2024-06-18 18:51:49','braincell,death,formula','Facebook','https://www.facebook.com/images/fb_icon_325x325.png'),
 ('63','https://www.wikipedia.org','bradley','2024-06-21 06:15:44','goated,reference,wiki','E-encyclopedia','https://upload.wikimedia.org/wikipedia/en/thumb/8/80/Wikipedia-logo-v2.svg/2244px-Wikipedia-logo-v2.svg.png'),
 ('76','https://www.googler.com/','bradley','2024-06-21 16:23:45','engine,search,NSFW','',''),
 ('79','http://help.websiteos.com/websiteos/example_of_a_simple_html_page.htm','bradley','2024-06-21 16:38:03','https,no','Example HTML page',''),
 ('80','https://eu.httpbin.org/','bradley','2024-06-21 16:44:46','http,request,service','',''),
 ('81','http://httpforever.com/','bradley','2024-06-21 16:46:24','http,only','',''),
 ('82','https://www.yelp.com/','bradley','2024-06-22 14:49:26','battery,cat,rat','Yelp rocks!','https://s3-media0.fl.yelpcdn.com/assets/srv0/yelp_large_assets/a8d26394324f/assets/img/seo_metadata/yelp_og_image.png'),
 ('84','https://www.marvel.com/','bradley','2024-06-23 02:36:13','comics','Marvel.com is the official site of Marvel Entertainment! Browse official Marvel movies, characters, comics, TV shows, videos, & more.','https://cdn.marvel.com/u/prod/marvel/images/OpenGraph-TW-1200x630.jpg'),
 ('85','https://www.pandora.com','bradley','2024-06-23 02:41:30','music,or,something','Okay music discovery site','https://www.pandora.com/img/pandora_favicon_144.png'),
 ('86','https://www.nullpt.rs/','monkey','2024-06-28 18:14:03','blog,cybersecurity,hacking,infosec,web security','',''),
 ('90','https://stackoverflow.co/','monkey','2024-06-28 19:33:18','answers,coding','Founded in 2008, Stack Overflow’s public platform is used by nearly everyone who codes to learn, share their knowledge, collaborate, and build their careers.',''),
 ('91','https://writings.stephenwolfram.com/all-by-date/','monkey','2024-06-29 15:24:00','blog,computation,math,mathematica,technology,wolfram,writings','Collection of articles by Stephen Wolfram sorted by date. Topics include artificial intelligence, computational science and computational thinking, data science, education, future and historical perspectives, sciences, software design, technology, Wolfram products, more.',''),
 ('92','https://www.linkedin.com/','monkey','2024-06-29 15:43:05','shit,stain','1 billion members | Manage your professional identity. Build and engage with your professional network. Access knowledge, insights and opportunities.','https://static.licdn.com/scds/common/u/images/logos/favicons/v1/favicon.ico'),
 ('93','https://info.cern.ch/hypertext/WWW/TheProject.html','jlk','2024-07-01 14:53:41','history,website,www','The very first website!',''),
 ('97','https://musicforprogramming.net/latest/','monkey','2024-07-03 01:56:11','coding,music,programming,radio,synth','Programming music playlists and browser audio player',''),
 ('99','https://icon-sets.iconify.design/','jlk','2024-07-05 22:07:56','free,icons,pack,resource,svg','Open source vector icons from all popular icon sets','https://icon-sets.iconify.design/og-image.png'),
 ('101','http://www.onemorelevel.com/','monkey','2024-07-10 04:06:34','classic,games,nostalgia,online','OneMorelevel is your daily source for free addictive Flash games. Action, puzzle, RPG, sports and more! Visit One More Level Now.',''),
 ('102','https://based.cooking/','monkey','2024-07-11 00:06:09','based,cooking,food,no-ads,recipes','The fast-loading recipe site with cooking only and no ads.',''),
 ('103','https://www.imdb.com/','monkey','2024-07-11 00:08:21','actors,film,movies,ratings,reviews,tv','Movie stuff',''),
 ('104','https://web.ics.purdue.edu/~gchopra/class/public/pages/webdesign/05_simple.html','monkey','2024-07-11 00:11:37','simple,test,webpage','A very simple webpage',''),
 ('105','https://github.com/uber-go/guide/blob/master/style.md','jlk','2024-07-23 01:33:10','coding,go,guide,patterns,style,uber','Uber''s guidelines for writing Go code','https://opengraph.githubassets.com/9c6a15374c5b8e6d13d45bb058e3233b386eb1ae653ec6ba839ad212e51ceb2a/uber-go/guide'),
 ('108','https://go.dev/doc/effective_go','jlk','2024-07-23 18:22:05','coding,go,patterns,programming','Effective patterns for coding in Go','https://go.dev/doc/gopher/gopher5logo.jpg'),
 ('109','https://www.alexedwards.net/blog','jlk','2024-07-24 01:32:53','alex edwards,blog,coding,go,programming,web dev','Alex Edwards Go coding blog',''),
 ('110','https://theluddite.org/','jlk','2024-07-26 21:43:11','anti-capitalist,blog,tech','An anticapitalist tech blog. Embrace the technology that liberates us. Smash that which does not.',''),
 ('114','https://theluddite.org/#!post/google-ads','jlk','2024-08-08 15:21:18','AI,Google,LLM,Luddite,SEO,Search engines,ads,website','A tragic story of chasing SEO while publishing on today''s web',''),
 ('115','https://truefilms.com/','jlk','2024-08-08 15:21:18','kevin kelly,documentary,film,rankings,reviews','Reviews of great documentaries by Kevin Kelly, founding Executive Editor of WIRED',''),
 ('116','https://kibty.town','jlk','2024-08-08 15:38:04','blog,cybersecurity,hacking,infosec,security,tech','Eva''s infosec blog',''),
 ('117','https://alexsci.com/rss-blogroll-network/','jlk','2024-08-08 15:44:35','blogroll,fediverse,network,OPML,RSS,visualization','Blogroll Network Map',''),
 ('118','https://how-did-i-get-here.net/','jlk','2024-08-08 15:44:35','Internet,mama,networking,routing,traceroute,visualization,cats,cool,Hey,internet,Traceroute','A cool-as-shit dynamic traceroute powered by custom software, married with an informative article about how the BGP routing protocol works and guides the shape of the Internet.','https://how-did-i-get-here.net/banner.png'),
 ('119','https://basarat.gitbook.io/typescript','jlk','2024-08-16 21:24:07','@basarat,documentation,guide,typescript','TypeScript Deep Dive (free online book) by @basarat','https://basarat.gitbook.io/typescript/~gitbook/ogimage/-LxQ3jd_Z3snLZ7ef2c3'),
 ('4da68cf6-6e11-4f66-9069-ad18c396916e','https://www.youtube.com/watch?v=MquaityA1SM','jlk','2024-08-19 01:49:53','Erik Falor,Vim,YouTube,coding,line editors,presentation,talk','The best VIM talk I have found yet. Informative, well explained, and with good jokes. Thoroughly enjoyed.','https://i.ytimg.com/vi/MquaityA1SM/maxresdefault.jpg'),
 ('81a4c841-4d9c-458c-8bea-e39b7bd39df1','http://boxdox-marvel.dantarion.com.s3-website-us-west-2.amazonaws.com','jlk','2024-08-25 01:32:04','dantarion,documentation,game modding,modding,UMVC3,big      space','Muffins',''),
 ('f8a305d9-c480-45bc-b575-15930ed3386a','https://finviz.com','monkey','2024-08-28 20:19:45','finance,stocks,trading,visualizer','Great free visualizer / scanner for stocks and other tradeable instruments',''),
 ('4eb8647b-37ab-4276-ab3e-620d9f43aca3','https://www.youtube.com/watch?v=uW5GjbidEHU','monkey','2024-08-29 05:27:22','musica','','https://i.ytimg.com/vi/uW5GjbidEHU/default.jpg'),
 ('99b48406-bf2d-4ef5-b78a-9200390cf671','https://www.pornhub.com','jlk','2024-08-30 00:32:54','wholesome','',''),
 ('247f3324-6f1e-4758-a794-e4757531eae2','http://www.perpetualtravel.com/rtw','jlk','2024-08-30 00:33:41','test','',''),
 ('71c6225d-8be4-4ac4-9c1f-3b30775a79b4','https://maejum.com/jackfruit-thai-green-curry','jlk','2024-08-30 00:35:05','test','',''),
 ('d07b6bcb-60e8-4b82-9c57-b519d9ddc7e4','https://drdoom.com','jlk','2024-08-30 01:25:54','test','',''),
 ('29e9be50-3ff0-4f72-995d-d9e9de16cc26','https://grannies.com','monkey','2024-08-30 02:21:47','test','im terrified of what this might be',''),
 ('12c1789b-0878-4773-a046-23519638b2cd','https://grandpas.com','monkey','2024-08-30 02:22:35','test','',''),
 ('43fffb9e-4632-4de7-a2fa-004ef32a75ad','https://stackoverflow.com/questions/1486476/json-stringify-changes-time-of-date-because-of-utc','monkey','2024-09-04 19:17:45','test','My date objects in JavaScript are always represented by UTC +2 because of where I am located. Hence like this

Mon Sep 28 10:00:00 UTC+0200 2009

Problem is doing a JSON.stringify converts the abov...','https://cdn.sstatic.net/Sites/stackoverflow/Img/apple-touch-icon@2.png?v=73d79a89bded'),
 ('9122ce5a-b8ae-4059-afb4-b9ad602c13c2','https://www.sqlitetutorial.net/sqlite-full-text-search','monkey','2024-09-04 20:01:32','best,Nest,rest,test,Zest','This tutorial shows you how to use SQLite full-text search feature by using the FTS5 virtual table module.','https://www.sqlitetutorial.net/wp-content/uploads/2016/12/SQLite-full-text-search-table-data.png');
INSERT INTO "Link Copies" ("id","link_id","user_id") VALUES ('1','11','1'),
 ('3','13','6'),
 ('5','23','1'),
 ('7','13','1'),
 ('12','1','9'),
 ('13','0','9'),
 ('15','19','3'),
 ('16','32','3'),
 ('17','31','3'),
 ('21','97','3'),
 ('22','99','3'),
 ('23','99','9'),
 ('24','102','3'),
 ('25','104','9'),
 ('26','76','3');
INSERT INTO "Link Likes" ("id","link_id","user_id") VALUES ('2','7','1'),
 ('4','7','6'),
 ('6','0','7'),
 ('8','19','1'),
 ('17','15','9'),
 ('20','9','9'),
 ('21','11','9'),
 ('22','8','9'),
 ('23','14','9'),
 ('26','7','9'),
 ('27','10','9'),
 ('29','23','9'),
 ('32','24','3'),
 ('33','21','3'),
 ('35','32','3'),
 ('36','31','3'),
 ('37','93','13'),
 ('39','103','3'),
 ('40','102','3'),
 ('41','103','9'),
 ('42','91','3'),
 ('43','105','9'),
 ('44','109','9'),
 ('45','102','9'),
 ('46','101','9'),
 ('47','93','9'),
 ('48','110','9'),
 ('49','99','9'),
 ('50','109','13');
INSERT INTO "Tags" ("id","link_id","cats","submitted_by","last_updated") VALUES ('4','1','flowers','xyz','2024-04-28 15:38:15'),
 ('5','0','flowers','Test User','2024-04-28 15:41:48'),
 ('6','8','flowers','Test User','2024-04-28 15:46:01'),
 ('11','10','flowers,umvc3','Test User','2024-05-01 03:38:33'),
 ('13','1','jungle,idk,something','nelson','2024-05-02 23:32:48'),
 ('24','9','jungle,umvc3,something','nelson','2024-05-03 01:48:36'),
 ('26','8','jungle,umvc3,something','nelson','2024-05-03 01:51:30'),
 ('29','10','jungle,umvc3,something','nelson','2024-05-03 02:00:18'),
 ('32','1','monkeys,something','jlk','2024-06-26 21:12:11'),
 ('34','13','food,test,games','jlk','2024-05-04 20:02:17'),
 ('35','14','food,test,games','nelson','2024-05-04 20:08:44'),
 ('36','15','animals,nonsense','Test User','2024-05-08 18:07:10'),
 ('40','19','webdev,frontend,serverless,idkwhatserverlessmeans','bradley','2024-06-17 13:27:59'),
 ('42','21','no,summary,this,time','bradley','2024-05-09 23:24:38'),
 ('43','22','barbie,doll','bradley','2024-05-14 21:21:22'),
 ('44','23','streaming,lameness','bradley','2024-05-14 21:23:30'),
 ('45','8','bingles,sauciness,umvc3','bradley','2024-07-30 18:31:15'),
 ('46','1','i,hate,sql','Test User','2024-05-20 22:12:58'),
 ('50','26','flowers,pokemans','bradley','2024-06-21 06:12:03'),
 ('51','27','hacking,fun','bradley','2024-05-26 17:21:38'),
 ('53','29','mahvel,baby','bradley','2024-05-28 15:00:31'),
 ('54','30','hype,LT,marvel','bradley','2024-06-23 02:35:09'),
 ('55','31','nerd,stuff,flowers','bradley','2024-05-31 21:12:45'),
 ('56','32','nerd,stuff','bradley','2024-07-18 18:54:11'),
 ('58','35','cool,share.web.content,site,to','bradley','2024-06-18 16:17:42'),
 ('60','37','better,plain,than,yahoo','bradley','2024-06-18 16:24:30'),
 ('75','52','go,golang,http,library,net,router','bradley','2024-06-18 18:10:49'),
 ('78','55','news,old','bradley','2024-06-18 18:17:48'),
 ('85','62','braincell,death,formula','bradley','2024-06-21 04:50:13'),
 ('86','63','goated,reference,wiki','bradley','2024-06-21 06:17:34'),
 ('99','76','engine,NSFW,search','bradley','2024-06-21 16:23:45'),
 ('102','79','https,no','bradley','2024-06-21 16:38:03'),
 ('103','80','http,request,service','bradley','2024-06-21 16:44:46'),
 ('104','81','http,only','bradley','2024-06-21 16:46:24'),
 ('105','82','battery,cat,rat','bradley','2024-06-22 14:49:26'),
 ('107','13','ping pong,sing song','bradley','2024-06-23 02:23:21'),
 ('108','10','fake,nonsense','bradley','2024-08-13 17:55:58'),
 ('109','84','comics','bradley','2024-06-23 02:36:13'),
 ('110','85','music,or,something','bradley','2024-06-23 02:41:30'),
 ('111','7','7,lucky','jlk','2024-06-24 21:07:36'),
 ('112','23','platform,streaming,tv','jlk','2024-06-24 20:48:25'),
 ('113','19','bingie shmingie,bingiebingie','jlk','2024-06-24 22:26:02'),
 ('114','22','barbie,magic,wow','jlk','2024-06-25 01:19:35'),
 ('115','32','merry,wristmas','jlk','2024-06-26 21:00:41'),
 ('116','31','coding,education,examples,webdev','jlk','2024-06-28 14:09:16'),
 ('117','86','blog,cybersecurity,hacking,infosec','monkey','2024-06-28 18:14:03'),
 ('121','90','answers,coding','monkey','2024-06-28 19:33:18'),
 ('122','90','hacking,l33t,skillz','jlk','2024-06-29 03:56:56'),
 ('127','86','web security','jlk','2024-06-29 04:27:41'),
 ('128','30','combo breaker,footsies,hype,marvel','monkey','2024-06-29 14:33:35'),
 ('129','79','connection,example,https,unsecure','monkey','2024-06-29 14:37:39'),
 ('130','31','coding,education,video,web server,youtube','monkey','2024-06-29 14:41:46'),
 ('131','1','jungle,knights,monkeys,talladega','monkey','2024-06-29 15:13:30'),
 ('132','91','blog,computation,math,mathematica,technology,wolfram,writings','monkey','2024-06-29 15:24:00'),
 ('133','92','icky','monkey','2024-06-29 15:43:05'),
 ('134','93','history,website,www','jlk','2024-07-01 14:53:41'),
 ('135','85','meh,music,radio','jlk','2024-07-01 14:56:36'),
 ('139','97','coding,music,programming,radio,synth','monkey','2024-07-03 01:56:11'),
 ('141','99','free,icons,pack,resource,svg','jlk','2024-07-05 22:07:56'),
 ('143','101','classic,games,nostalgia,online','monkey','2024-07-10 04:06:34'),
 ('144','102','based,cooking,recipes','monkey','2024-07-11 00:06:09'),
 ('145','103','film,movies,ratings,reviews,tv','monkey','2024-07-11 00:08:21'),
 ('146','104','simple,test,webpage','monkey','2024-07-11 00:11:37'),
 ('147','104','basic,html,webpage','bradley','2024-07-13 20:44:16'),
 ('150','93','cookies,nostalgia','bradley','2024-07-18 18:43:49'),
 ('151','102','food,no-ads,recipes','bradley','2024-07-30 18:15:08'),
 ('152','8','blarvy,jarvy','jlk','2024-07-21 02:38:38'),
 ('153','105','coding,go,guide,patterns,style,uber','jlk','2024-07-23 01:33:10'),
 ('156','108','coding,go,patterns,programming','jlk','2024-07-23 18:22:05'),
 ('157','109','alex edwards,blog,coding,go,programming,web dev','jlk','2024-07-24 01:32:53'),
 ('158','110','anti-capitalist,blog,tech','jlk','2024-07-26 21:43:11'),
 ('159','103','actors,film,movies,reviews,tv','jlk','2024-08-05 19:49:35'),
 ('160','110','blog,tech','bradley','2024-08-07 03:11:44'),
 ('162','114','AI,Google,LLM,Luddite,SEO,Search engines,ads,website','jlk','2024-08-08 15:21:18'),
 ('163','115','documentary,film,kevin kelly,rankings,reviews','jlk','2024-08-08 15:21:18'),
 ('164','116','blog,cybersecurity,infosec,security,tech','jlk','2024-08-08 15:38:04'),
 ('165','117','OPML,RSS,blogroll,fediverse,network,visualization','jlk','2024-08-08 15:44:35'),
 ('166','118','Internet,mama,networking,routing,traceroute,visualization','jlk','2024-08-29 18:49:16'),
 ('167','116','blog,cybersecurity,hacking','bradley','2024-08-13 02:22:51'),
 ('168','10','test','xyz','2024-04-28 15:41:48'),
 ('169','11','test','xyz','2024-04-28 15:41:48'),
 ('170','119','@basarat,documentation,guide,typescript','jlk','2024-08-16 21:24:07'),
 ('02cf46bf-c8bf-4498-b2cb-4f1a04dc3869','4da68cf6-6e11-4f66-9069-ad18c396916e','Erik Falor,Vim,YouTube,coding,line editors,presentation,talk','jlk','2024-08-25 01:32:04'),
 ('0808d017-b867-484f-8dfd-fc2433fd2195','81a4c841-4d9c-458c-8bea-e39b7bd39df1','UMVC3,dantarion,documentation,game modding,modding','jlk','2024-08-25 01:32:04'),
 ('a7d2a06b-1136-48e8-8a4e-54d35aa57a2c','24','Blotted Science,CDs,Ron Jarzombek,biography,discography,epic,guitar,merch,videos','jlk','2024-08-25 11:28:31'),
 ('662cf406-d022-427a-85d8-69b4ac3ef169','f8a305d9-c480-45bc-b575-15930ed3386a','finance,stocks,trading,visualizer','monkey','2024-08-28 20:19:45'),
 ('a69748d7-4be9-4ece-88e3-209a7c7b7c41','4eb8647b-37ab-4276-ab3e-620d9f43aca3','musica','monkey','2024-08-29 05:27:22'),
 ('79ecb0c8-fc77-4d31-841b-ce8c547d2689','15','bitch','jlk','2024-08-29 19:12:54'),
 ('e05cfebc-5a17-43d9-9e62-3e31ee167bd1','99b48406-bf2d-4ef5-b78a-9200390cf671','wholesome','jlk','2024-08-30 00:32:54'),
 ('46845cd9-8da5-49de-bd84-11e41f09f3ea','247f3324-6f1e-4758-a794-e4757531eae2','test','jlk','2024-08-30 00:33:41'),
 ('f3e913c9-f23d-4a52-8b22-59571f95f161','71c6225d-8be4-4ac4-9c1f-3b30775a79b4','test','jlk','2024-08-30 00:35:05'),
 ('6cfe4c3b-a2ff-4610-8d40-71e717021897','d07b6bcb-60e8-4b82-9c57-b519d9ddc7e4','test','jlk','2024-08-30 01:25:54'),
 ('f9f19e87-ceef-47b6-a950-6895d39b2a70','117','bananas,fufu,KBR,mumu,ufuf,Zoo','monkey','2024-08-30 02:09:01'),
 ('60169973-a4e3-4baf-a210-6e4c435a4a6d','118','cats,cool,Hey,internet,Traceroute','monkey','2024-08-30 02:09:55'),
 ('8035c526-f972-4055-bc6f-114b5bc8f6c2','115','kevin kelly','monkey','2024-08-30 02:16:25'),
 ('eda05006-190a-4d5e-a2ba-0ebcba264bea','9122ce5a-b8ae-4059-afb4-b9ad602c13c2','best,Nest,rest,test,Zest','monkey','2024-09-04 20:01:32'),
 ('d9713201-ab3f-44ed-9ea0-32ca5cb2ab9e','7','arrest,Best,jest,Molest,winchest','monkey','2024-09-04 20:15:21'),
 ('6969', '9122ce5a-b8ae-4059-afb4-b9ad602c13c2', 'NSFW', 'jlk', '2024-09-04 20:16:02');
INSERT INTO "Summaries" ("id","text","link_id","submitted_by","last_updated") VALUES ('1','a great summary','7','1','2024-04-10 03:48:09'),
 ('3','xyz','1','1','2024-04-10 03:48:09'),
 ('4','test','1','9','2024-04-10 03:48:09'),
 ('5','Jason','7','1','2024-04-10 03:48:09'),
 ('6','Biggs','14','9','2024-04-10 03:48:09'),
 ('7','Halloween','15','3','2024-04-10 03:48:09'),
 ('12','biscuits','14','6','2024-04-10 03:48:09'),
 ('13','donut','15','6','2024-04-10 03:48:09'),
 ('15','test','8','1','2024-04-10 03:48:09'),
 ('17','Vercel: Build and deploy the best Web experiences with The Frontend Cloud','19','9','2024-04-10 03:48:09'),
 ('19','A magnificent summary of this link''s content','9','7','2024-04-10 03:48:09'),
 ('20','Barbie Toys & Playsets | Mattel Shop','22','9','2024-04-10 03:48:09'),
 ('22','a stupendous summary','21','9','2024-04-10 03:48:09'),
 ('24','test','8','9','2024-04-10 03:48:09'),
 ('25','Ron Jarzombek official website','24','9','2024-04-10 03:48:09'),
 ('27','Serebii.net - Where Legends Come To Life','26','9','2024-04-10 03:48:09'),
 ('28','Hacker News','27','9','2024-04-10 03:48:09'),
 ('29','Match Timestamps:0:00 Intro3:04 LiberalTerminator (Nova, Spencer, Doom) vs. BManTheBigHero (Deadpool, Dante, Hawkeye)17:00 Evasion (Zero, Dante, Vergil) vs. ...','29','9','2024-04-10 03:48:09'),
 ('30','COMBO BREAKER 2024 UMvC3 Top 32 (LiberalTerminator Ronan Healy Frankie G Wedge iDom) Marvel Tourney - YouTube','30','9','2024-04-10 03:48:09'),
 ('31','Web Server Concepts and Examples - YouTube','31','9','2024-04-10 03:48:09'),
 ('32','Apache vs NGINX - YouTube','32','9','2024-04-10 03:48:09'),
 ('33','Bingie Bingie!','7','9','2024-04-10 03:48:09'),
 ('34','Summary','15','9','2024-04-10 03:48:09'),
 ('35','Doesn''t seem to be a real site...','10','9','2024-06-08 03:19:16'),
 ('36','Excellent time-wasting resource','23','6','2024-06-10 03:48:09'),
 ('46','Reddit - Dive into anything','35','9','2024-06-18 16:17:42'),
 ('48','Yahoo Finance - Stock Market Live, Quotes, Business & Finance News','37','9','2024-06-18 16:24:30'),
 ('57','A lightweight, idiomatic and composable router for building Go HTTP services.','52','9','2024-06-18 18:10:49'),
 ('58','Latest news coverage, email, free stock quotes, live scores and video are just the beginning. Discover more every day at Yahoo!','55','9','2024-06-18 18:17:48'),
 ('59','Facebook','62','9','2024-06-18 18:51:49'),
 ('60','E-encyclopedia','63','9','2024-08-13 02:35:48'),
 ('62','People use Yelp to search for everything from the city''s tastiest burger to the most renowned cardiologist. What will you uncover in your neighborhood?','82','9','2024-06-22 14:49:26'),
 ('63','Marvel.com is the official site of Marvel Entertainment! Browse official Marvel movies, characters, comics, TV shows, videos, & more.','84','9','2024-06-23 02:36:13'),
 ('64','Play the songs, albums, playlists and podcasts you love on the all-new Pandora. Sign up for a subscription plan to stream ad-free and on-demand. Listen on your mobile phone, desktop, TV, smart speakers or in the car.','85','9','2024-06-23 02:41:30'),
 ('65','Example HTML page','79','3','2024-06-26 20:54:52'),
 ('67','Mama Mia','32','3','2024-06-28 14:30:32'),
 ('68','Mediocre music discovery site','85','3','2024-06-28 15:55:23'),
 ('69','Yelp rocks!','82','3','2024-06-28 16:33:35'),
 ('72','Founded in 2008, Stack Overflow’s public platform is used by nearly everyone who codes to learn, share their knowledge, collaborate, and build their careers.','90','13','2024-06-28 19:33:18'),
 ('73','Confirmed: not a real site','10','13','2024-06-29 15:14:38'),
 ('74','Collection of articles by Stephen Wolfram sorted by date. Topics include artificial intelligence, computational science and computational thinking, data science, education, future and historical perspectives, sciences, software design, technology, Wolfram products, more.','91','13','2024-06-29 15:24:00'),
 ('75','1 billion members | Manage your professional identity. Build and engage with your professional network. Access knowledge, insights and opportunities.','92','13','2024-06-29 15:43:05'),
 ('77','Homepage for company who develops popular frontend webdev framework Next.js','19','13','2024-06-29 15:55:16'),
 ('78','The very first website!','93','3','2024-07-01 14:54:10'),
 ('80','Programming music playlists and browser audio player','97','13','2024-07-03 01:56:11'),
 ('81','The almighty kingdom of ass-kissery and empty corporate fluff language','92','3','2024-07-05 20:53:06'),
 ('82','Not a real address, tragically.','8','3','2024-07-05 21:22:20'),
 ('84','Open source vector icons from all popular icon sets','99','3','2024-07-05 22:07:56'),
 ('85','Vintage internet','93','13','2024-07-07 05:42:02'),
 ('87','OneMorelevel is your daily source for free addictive Flash games. Action, puzzle, RPG, sports and more! Visit One More Level Now.','101','ca39e263-2ac7-4d70-abc5-b9b8f1bff332','2024-07-10 04:06:34'),
 ('88','The fast-loading recipe site with cooking only and no ads.','102','ca39e263-2ac7-4d70-abc5-b9b8f1bff332','2024-07-11 00:06:09'),
 ('90','Yabbadabba doo','102','13','2024-08-29 18:22:40'),
 ('91','Movie stuff','103','13','2024-07-11 00:08:21'),
 ('92','A very simple webpage','104','ca39e263-2ac7-4d70-abc5-b9b8f1bff332','2024-07-11 00:11:37'),
 ('93','sErVeRlEsS','19','3','2024-07-13 02:28:17'),
 ('97','Nostalgic','101','3','2024-07-18 03:29:08'),
 ('98','Uber''s guidelines for writing Go code','105','3','2024-07-23 01:33:10'),
 ('103','Effective Go - The Go Programming Language','108','ca39e263-2ac7-4d70-abc5-b9b8f1bff332','2024-07-23 18:22:05'),
 ('104','Effective patterns for coding in Go','108','3','2024-07-23 18:22:05'),
 ('105','Articles (sorted by publication date) - Alex Edwards','109','ca39e263-2ac7-4d70-abc5-b9b8f1bff332','2024-07-24 01:32:53'),
 ('106','Alex Edwards Go coding blog','109','3','2024-07-24 01:32:53'),
 ('107','Site about pong?','13','3','2024-07-26 15:20:44'),
 ('108','An anticapitalist tech blog. Embrace the technology that liberates us. Smash that which does not.','110','ca39e263-2ac7-4d70-abc5-b9b8f1bff332','2024-07-26 21:43:11'),
 ('110','test','102','3','2024-08-03 02:42:59'),
 ('111','A tragic story of chasing SEO while publishing on today''s web','114','3','2024-08-08 15:21:18'),
 ('112','True Films','115','ca39e263-2ac7-4d70-abc5-b9b8f1bff332','2024-08-08 15:21:18'),
 ('113','Reviews of great documentaries by Kevin Kelly, founding Executive Editor of WIRED','115','3','2024-08-08 15:21:18'),
 ('114','eva''s site','116','ca39e263-2ac7-4d70-abc5-b9b8f1bff332','2024-08-08 15:38:04'),
 ('115','Eva''s infosec blog','116','3','2024-08-08 15:38:04'),
 ('116','Blogroll Network Map','117','ca39e263-2ac7-4d70-abc5-b9b8f1bff332','2024-08-08 15:44:35'),
 ('117','Robert Alexander''s Blogroll Network Map','117','3','2024-08-08 15:44:35'),
 ('118','A cool-as-shit dynamic traceroute powered by custom software, married with an informative article about how the BGP routing protocol works and guides the shape of the Internet.','118','ca39e263-2ac7-4d70-abc5-b9b8f1bff332','2024-08-08 15:44:35'),
 ('119','Cool visualization / summary of how Internet routing works by Lexi Mattick','118','3','2024-08-08 15:44:35'),
 ('120','Classic search engine','0','9','2024-08-13 02:22:51'),
 ('121','Awesome!','118','9','2024-08-13 02:22:51'),
 ('122','README | TypeScript Deep Dive','119','ca39e263-2ac7-4d70-abc5-b9b8f1bff332','2024-08-16 21:24:07'),
 ('123','TypeScript Deep Dive (free online book) by @basarat','119','3','2024-08-16 21:24:07'),
 ('22d41e1f-56cd-4cfa-a1e7-eaa3b959c125','test','24','3','2024-08-17 14:47:47'),
 ('aa20c545-9be8-4185-9445-8dcb3b222bb7','Vi is more than just a text editor; it has become a way of life for power users who can get more done than their peers who use traditional pointy-clicky edit...','4da68cf6-6e11-4f66-9069-ad18c396916e','ca39e263-2ac7-4d70-abc5-b9b8f1bff332','2024-08-19 01:49:53'),
 ('48d9889b-62f9-472a-8b0f-e8a16e8e02b6','The best VIM talk I have found yet. Informative, well explained, and with good jokes. Thoroughly enjoyed.','4da68cf6-6e11-4f66-9069-ad18c396916e','3','2024-08-19 01:49:53'),
 ('f1d1a8b0-1478-4718-bfa6-47280c6e1f50','boxdox-marvel','81a4c841-4d9c-458c-8bea-e39b7bd39df1','ca39e263-2ac7-4d70-abc5-b9b8f1bff332','2024-08-25 01:32:04'),
 ('f8bd92da-abda-4995-9030-33b10ef2d4aa','Muffins','81a4c841-4d9c-458c-8bea-e39b7bd39df1','3','2024-08-29 18:49:00'),
 ('13c1ed99-3137-47a3-b573-8c561b42f709','Just a moment...','f8a305d9-c480-45bc-b575-15930ed3386a','ca39e263-2ac7-4d70-abc5-b9b8f1bff332','2024-08-28 20:19:45'),
 ('8e053bbe-7627-4a2c-9358-4ec86311996d','Great free visualizer / scanner for stocks and other tradeable instruments','f8a305d9-c480-45bc-b575-15930ed3386a','13','2024-08-28 20:19:45'),
 ('3bbd6e26-9d84-4883-8a38-93a2b635db6a','Spastic Ink - The Cereal Mouse','4eb8647b-37ab-4276-ab3e-620d9f43aca3','ca39e263-2ac7-4d70-abc5-b9b8f1bff332','2024-08-29 05:27:22'),
 ('365891ce-748e-4c31-8d97-132d1e77cf16','Pornhub','99b48406-bf2d-4ef5-b78a-9200390cf671','ca39e263-2ac7-4d70-abc5-b9b8f1bff332','2024-08-30 00:32:54'),
 ('f9417c25-96d2-4da7-8ec1-6b9a1a6214c5','Round-The-World Travel Guide','247f3324-6f1e-4758-a794-e4757531eae2','ca39e263-2ac7-4d70-abc5-b9b8f1bff332','2024-08-30 00:33:41'),
 ('715bd7cb-267f-4dc9-a30c-c41634b73f76','Grannie''s Attic Shurt Haus','29e9be50-3ff0-4f72-995d-d9e9de16cc26','ca39e263-2ac7-4d70-abc5-b9b8f1bff332','2024-08-30 02:21:47'),
 ('55760f51-4366-4062-ac91-a285669dccf9','im terrified of what this might be','29e9be50-3ff0-4f72-995d-d9e9de16cc26','13','2024-08-30 02:21:47'),
 ('24c2254d-ca33-4e78-8c69-37b575f8579b','My date objects in JavaScript are always represented by UTC +2 because of where I am located. Hence like this

Mon Sep 28 10:00:00 UTC+0200 2009

Problem is doing a JSON.stringify converts the abov...','43fffb9e-4632-4de7-a2fa-004ef32a75ad','ca39e263-2ac7-4d70-abc5-b9b8f1bff332','2024-09-04 19:17:45'),
 ('b02eab01-3416-407b-b83b-b2d89c9b221f','This tutorial shows you how to use SQLite full-text search feature by using the FTS5 virtual table module.','9122ce5a-b8ae-4059-afb4-b9ad602c13c2','ca39e263-2ac7-4d70-abc5-b9b8f1bff332','2024-09-04 20:01:32');
INSERT INTO "Summary Likes" ("id","summary_id","user_id") VALUES ('4','4','1'),
 ('7','1','3'),
 ('53','36','9'),
 ('54','3','9'),
 ('55','36','3'),
 ('56','32','3'),
 ('57','64','3'),
 ('58','68','13'),
 ('59','35','13'),
 ('61','24','3'),
 ('62','78','9'),
 ('64','75','9'),
 ('66','81','13'),
 ('67','78','13'),
 ('68','88','13'),
 ('69','17','3'),
 ('71','88','3'),
 ('72','87','3'),
 ('73','82','9'),
 ('74','118','3'),
 ('75','118','9'),
 ('2406c3c3-6795-4626-b8c2-8ed12b37dd6c','25','3'),
 ('647b3085-e194-493f-89c6-1543440f938d','24c2254d-ca33-4e78-8c69-37b575f8579b','13');

CREATE VIRTUAL TABLE global_cats_fts
USING FTS5(link_id, url, submitted_by, submit_date, global_cats, global_summary);

INSERT INTO global_cats_fts(link_id, url, submitted_by, submit_date, global_cats, global_summary)
SELECT id, url, submitted_by, submit_date, global_cats, global_summary
FROM Links;

CREATE VIRTUAL TABLE user_cats_fts
USING FTS5(tag_id, link_id, cats, submitted_by, last_updated);

INSERT INTO user_cats_fts(tag_id, link_id, cats, submitted_by, last_updated)
SELECT id, link_id, cats, submitted_by, last_updated
FROM Tags;

CREATE VIRTUAL TABLE global_cats_spellfix
USING spellfix1;

WITH RECURSIVE split(id, global_cats, str) AS 
	(
	SELECT id, '', global_cats||',' 
	FROM Links
	UNION ALL SELECT
	id,
	substr(str, 0, instr(str, ',')),
	substr(str, instr(str, ',') + 1)
	FROM split
	WHERE str != ''
	)
INSERT INTO global_cats_spellfix(word,rank)
	SELECT global_cats, count(global_cats) as count
	FROM split
	WHERE global_cats != ''
	GROUP BY global_cats
	ORDER BY count DESC, LOWER(global_cats) ASC;

COMMIT;
