BEGIN TRANSACTION;
CREATE TABLE IF NOT EXISTS "Users" (
	"id"	TEXT NOT NULL UNIQUE,
	"login_name"	TEXT NOT NULL UNIQUE,
	"password"	TEXT NOT NULL,
	"about"	TEXT,
	"pfp"	TEXT,
	"created"	DATETIME DEFAULT CURRENT_TIMESTAMP,
	PRIMARY KEY("id")
);
CREATE TABLE IF NOT EXISTS "Links" (
	"id"	TEXT NOT NULL UNIQUE,
	"url"	TEXT NOT NULL UNIQUE,
	"submitted_by"	TEXT,
	"submit_date"	DATETIME NOT NULL DEFAULT CURRENT_TIMESTAMP,
	"global_cats"	text,
	"global_summary"	text,
	"img_url"	text,
	PRIMARY KEY("ID"),
	FOREIGN KEY("submitted_by") REFERENCES "Users"("login_name")
);
CREATE TABLE IF NOT EXISTS "Link Copies" (
	"id"	TEXT NOT NULL UNIQUE,
	"link_id"	TEXT,
	"user_id"	TEXT,
	PRIMARY KEY("id"),
	FOREIGN KEY("link_id") REFERENCES "Links"("id"),
	FOREIGN KEY("user_id") REFERENCES "Users"("id")
);
CREATE TABLE IF NOT EXISTS "Link Likes" (
	"id"	TEXT NOT NULL UNIQUE,
	"link_id"	TEXT NOT NULL,
	"user_id"	TEXT NOT NULL,
	PRIMARY KEY("id"),
	FOREIGN KEY("link_id") REFERENCES "Links"("id"),
	FOREIGN KEY("user_id") REFERENCES "Users"("id")
);
CREATE TABLE IF NOT EXISTS "Tags" (
	"id"	TEXT NOT NULL UNIQUE,
	"link_id"	TEXT NOT NULL,
	"cats"	TEXT NOT NULL,
	"submitted_by"	TEXT NOT NULL,
	"last_updated"	DATETIME NOT NULL DEFAULT CURRENT_TIMESTAMP,
	PRIMARY KEY("id"),
	FOREIGN KEY("link_id") REFERENCES "Links"("id")
);
CREATE TABLE IF NOT EXISTS "Summaries" (
	"id"	TEXT NOT NULL UNIQUE,
	"text"	TEXT NOT NULL,
	"link_id"	TEXT NOT NULL,
	"submitted_by"	TEXT NOT NULL,
	"last_updated"	DATETIME NOT NULL DEFAULT '2024-04-10 03:48:09',
	PRIMARY KEY("id"),
	FOREIGN KEY("link_id") REFERENCES "Links"("id"),
	FOREIGN KEY("submitted_by") REFERENCES "Users"("id")
);
CREATE TABLE IF NOT EXISTS "Summary Likes" (
	"id"	TEXT NOT NULL UNIQUE,
	"summary_id"	TEXT NOT NULL,
	"user_id"	TEXT NOT NULL,
	PRIMARY KEY("id"),
	FOREIGN KEY("user_id") REFERENCES "Users"("id"),
	FOREIGN KEY("summary_id") REFERENCES "Summaries"("id")
);
INSERT INTO "Users" ("id","login_name","password","about","pfp","created") VALUES ('1','Julian','julian',NULL,NULL,'2024-04-10 03:48:09'),
 ('3','goolian','$2a$10$EK1G0Arl4vu7vo4X4UICxO7x0UFk8Go5N5bDVZqNCOBlKOsTcaWvO','groovybabygroovybabygroovybabygroovybabygroovybabygroovybabygroovybabygroovybabygroovybabygroovybabygroovybabygroovybabygroovybabygroovybabygroovybabygroovybabygroovybabygroovybabygroovybabygroovybabygroovybabygroovybabygroovybabygroovybabygroovybabygroovybabygroovybabygroovybabygroovybabygroovybabygroovybaby','7e3d5d8c-4219-47b2-ac18-5f554d995c16.JPEG','2024-04-10 03:48:09'),
 ('4','testingcreated','goolian',NULL,NULL,NULL),
 ('5','shouldworknow','goolian',NULL,NULL,'2024-04-28 16:26:16'),
 ('6','nelson','goolian',NULL,NULL,'2024-04-28 20:42:23'),
 ('7','xyz','goolian','','jerry','2024-04-28 20:54:58'),
 ('8','boolian','$2a$10$hv2jGoMu8CffNOXHvDs5xeYLXE3UHcqY8lgwksUdljhXIP5dHtk46',NULL,NULL,'2024-05-02 17:36:50'),
 ('9','bradley','$2a$10$JsHSGu0RorX3LQQS55HMY.MpCDqA4nQlnnDJntBbzjn9sh666VJhG','the great bradley!','63a04156-7793-46cf-a6ab-331d415c9f50.png','2024-05-08 16:18:36'),
 ('13','monkey','$2a$10$u3nndrCO0QKM1oJ0teoBm.Tlx4slVIAGrY2Pyumoyg3yVnay3DDC6',NULL,'b928586f-caf9-4e95-b098-80b414002bdd.jpg','2024-06-28 17:55:32'),
 ('ca39e263-2ac7-4d70-abc5-b9b8f1bff332','Auto Summary','',NULL,NULL,'2024-07-10 03:26:52'),
 ('07bc89a6-4b15-4c0c-b8b0-9bedbd2ce42a','bingie','$2a$10$1nw6UenseGMGRNshMjBnYeb7z8l9lIhiptNw7sYmarOQoxXKunLza','',NULL,'2024-08-20');
INSERT INTO "Links" ("id","url","submitted_by","submit_date","global_cats","global_summary","img_url") VALUES ('0','https://www.googlee.com','Julian','2024-04-10 03:48:09','flowers','Classic search engine',''),
 ('1','rickybobby.com','Julian','2024-04-27 03:48:46','flowers,jungle,monkeys,something','xyz',NULL),
 ('7','bingiebingie.com','goolian','2024-04-27 00:01:14','7,baby,lucky','a great summary',NULL),
 ('8','bingiebingiebingie.com','nelson','2024-04-27 00:02:54','drums,flowers,jungle,something,umvc3','Jarvy init',NULL),
 ('9','https://yay.com','nelson','2024-04-28 14:59:21','flowers,umvc3','A magnificent summary of this link''s content',NULL),
 ('10','xyz','xyz','2024-04-28 15:23:24','flowers,jungle,something,test,umvc3','Doesn''t seem to be a real site...',NULL),
 ('11','xyzz','xyz','2024-05-01 15:34:33','test','Cool site from epic guitar master!',NULL),
 ('13','https://www.pong.com','goolian','2024-05-04 20:02:17','food,beer,games','Site about pong?',NULL),
 ('14','https://julianlk.com','nelson','2024-05-04 20:08:44','','Biggs',NULL),
 ('15','example.com','Julian','2024-05-08 06:44:03','umvc3,tennis','donut',NULL),
 ('19','https://www.vercel.com','bradley','2024-05-09 23:08:57','frontend,serverless,idkwhatserverlessmeans,webdev','Vercel: Build and deploy the best Web experiences with The Frontend Cloud',NULL),
 ('21','https://barf.com','bradley','2024-05-09 23:24:38','','a stupendous summary',NULL),
 ('22','https://barbie.com','bradley','2024-05-14 21:21:22','barbie,doll,magic,wow','Barbie Toys & Playsets | Mattel Shop',NULL),
 ('23','https://netflix.com','goolian','2024-05-14 21:23:30','streaming,lameness','Excellent time-wasting resource',NULL),
 ('24','https://www.ronjarzombek.com','bradley','2024-05-26 14:16:27','rocks,ronnyj,test,testing','Ron Jarzombek official website',NULL),
 ('26','https://www.serebii.net','bradley','2024-05-26 15:20:49','flowers,pokemans','Serebii.net - Where Legends Come To Life',NULL),
 ('27','https://news.ycombinator.com','bradley','2024-05-26 17:21:38','','Hacker News',NULL),
 ('29','https://www.youtube.com/watch?v=L4gaqVH0QHU','bradley','2024-05-28 15:00:31','umvc3','Match Timestamps:0:00 Intro3:04 LiberalTerminator (Nova, Spencer, Doom) vs. BManTheBigHero (Deadpool, Dante, Hawkeye)17:00 Evasion (Zero, Dante, Vergil) vs. ...','https://i.ytimg.com/vi/L4gaqVH0QHU/maxresdefault.jpg'),
 ('30','https://www.youtube.com/watch?v=XdfoXdzGmr0','bradley','2024-05-31 21:01:21',' hype,lt,marvel','COMBO BREAKER 2024 UMvC3 Top 32 (LiberalTerminator Ronan Healy Frankie G Wedge iDom) Marvel Tourney - YouTube','https://i.ytimg.com/vi/XdfoXdzGmr0/maxresdefault.jpg'),
 ('31','https://www.youtube.com/watch?v=9J1nJOivdyw','bradley','2024-05-31 21:12:45','flowerss,nerd,shit','Web Server Concepts and Examples - YouTube','https://i.ytimg.com/vi/9J1nJOivdyw/maxresdefault.jpg'),
 ('32','https://www.youtube.com/watch?v=9nyiY-psbMs','bradley','2024-05-31 21:13:40','merry,wristmas','Apache vs NGINX - YouTube','https://i.ytimg.com/vi/9nyiY-psbMs/maxresdefault.jpg'),
 ('35','https://www.reddit.com','bradley','2024-06-18 16:17:42','cool,share.web.content,site,to','Reddit - Dive into anything',''),
 ('37','https://www.yahoo.com/finance','bradley','2024-06-18 16:24:30','better,plain,than,yahoo','Yahoo Finance - Stock Market Live, Quotes, Business & Finance News','https://s.yimg.com/cv/apiv2/social/images/yahoo_default_logo.png'),
 ('52','https://www.go-chi.io/#/README','bradley','2024-06-18 18:10:49','go,golang,http,library,net,router','A lightweight, idiomatic and composable router for building Go HTTP services.',''),
 ('55','https://www.yahoo.com','bradley','2024-06-18 18:17:48','news,old','Latest news coverage, email, free stock quotes, live scores and video are just the beginning. Discover more every day at Yahoo!','https://s.yimg.com/cv/apiv2/social/images/yahoo_default_logo.png'),
 ('62','https://www.facebook.com','bradley','2024-06-18 18:51:49','braincell,death,formula','Facebook','https://www.facebook.com/images/fb_icon_325x325.png'),
 ('63','https://www.wikipedia.org','bradley','2024-06-21 06:15:44','goated,reference,wiki','E-encyclopedia','https://upload.wikimedia.org/wikipedia/en/thumb/8/80/Wikipedia-logo-v2.svg/2244px-Wikipedia-logo-v2.svg.png'),
 ('76','https://www.googler.com/','bradley','2024-06-21 16:23:45','engine,search','',''),
 ('79','http://help.websiteos.com/websiteos/example_of_a_simple_html_page.htm','bradley','2024-06-21 16:38:03','https,no','Example HTML page',''),
 ('80','https://eu.httpbin.org/','bradley','2024-06-21 16:44:46','http,request,service','',''),
 ('81','http://httpforever.com/','bradley','2024-06-21 16:46:24','http,only','',''),
 ('82','https://www.yelp.com/','bradley','2024-06-22 14:49:26','battery,cat,rat','Yelp rocks!','https://s3-media0.fl.yelpcdn.com/assets/srv0/yelp_large_assets/a8d26394324f/assets/img/seo_metadata/yelp_og_image.png'),
 ('84','https://www.marvel.com/','bradley','2024-06-23 02:36:13','comics','Marvel.com is the official site of Marvel Entertainment! Browse official Marvel movies, characters, comics, TV shows, videos, & more.','https://cdn.marvel.com/u/prod/marvel/images/OpenGraph-TW-1200x630.jpg'),
 ('85','https://www.pandora.com','bradley','2024-06-23 02:41:30','music,or,something','Mediocre music discovery site','https://www.pandora.com/img/pandora_favicon_144.png'),
 ('86','https://www.nullpt.rs/','monkey','2024-06-28 18:14:03','blog,cybersecurity,hacking,infosec,web security','',''),
 ('90','https://stackoverflow.co/','monkey','2024-06-28 19:33:18','answers,coding','Founded in 2008, Stack Overflow’s public platform is used by nearly everyone who codes to learn, share their knowledge, collaborate, and build their careers.',''),
 ('91','https://writings.stephenwolfram.com/all-by-date/','monkey','2024-06-29 15:24:00','blog,computation,math,mathematica,technology,wolfram,writings','Collection of articles by Stephen Wolfram sorted by date. Topics include artificial intelligence, computational science and computational thinking, data science, education, future and historical perspectives, sciences, software design, technology, Wolfram products, more.',''),
 ('92','https://www.linkedin.com/','monkey','2024-06-29 15:43:05','shit,stain','1 billion members | Manage your professional identity. Build and engage with your professional network. Access knowledge, insights and opportunities.','https://static.licdn.com/scds/common/u/images/logos/favicons/v1/favicon.ico'),
 ('93','https://info.cern.ch/hypertext/WWW/TheProject.html','goolian','2024-07-01 14:53:41','history,website,www','The very first website!',''),
 ('97','https://musicforprogramming.net/latest/','monkey','2024-07-03 01:56:11','coding,music,programming,radio,synth','Programming music playlists and browser audio player',''),
 ('99','https://icon-sets.iconify.design/','goolian','2024-07-05 22:07:56','free,icons,pack,resource,svg','Open source vector icons from all popular icon sets','https://icon-sets.iconify.design/og-image.png'),
 ('101','http://www.onemorelevel.com/','monkey','2024-07-10 04:06:34','classic,games,nostalgia,online','OneMorelevel is your daily source for free addictive Flash games. Action, puzzle, RPG, sports and more! Visit One More Level Now.',''),
 ('102','https://based.cooking/','monkey','2024-07-11 00:06:09','based,cooking,recipes','The fast-loading recipe site with cooking only and no ads.',''),
 ('103','https://www.imdb.com/','monkey','2024-07-11 00:08:21','film,movies,ratings,reviews,tv','Movie stuff',''),
 ('104','https://web.ics.purdue.edu/~gchopra/class/public/pages/webdesign/05_simple.html','monkey','2024-07-11 00:11:37','simple,test,webpage','A very simple webpage',''),
 ('105','https://github.com/uber-go/guide/blob/master/style.md','goolian','2024-07-23 01:33:10','coding,go,guide,patterns,style,uber','Uber''s guidelines for writing Go code','https://opengraph.githubassets.com/9c6a15374c5b8e6d13d45bb058e3233b386eb1ae653ec6ba839ad212e51ceb2a/uber-go/guide'),
 ('108','https://go.dev/doc/effective_go','goolian','2024-07-23 18:22:05','coding,go,patterns,programming','Effective patterns for coding in Go','https://go.dev/doc/gopher/gopher5logo.jpg'),
 ('109','https://www.alexedwards.net/blog','goolian','2024-07-24 01:32:53','alex edwards,blog,coding,go,programming,web dev','Alex Edwards Go coding blog',''),
 ('110','https://theluddite.org/','goolian','2024-07-26 21:43:11','anti-capitalist,blog,tech','An anticapitalist tech blog. Embrace the technology that liberates us. Smash that which does not.',''),
 ('114','https://theluddite.org/#!post/google-ads','goolian','2024-08-08 15:21:18','AI,Google,LLM,Luddite,SEO,Search engines,ads,website','A tragic story of chasing SEO while publishing on today''s web',''),
 ('115','https://truefilms.com/','goolian','2024-08-08 15:21:18','documentary,film,kevin kelly,rankings,reviews','Reviews of great documentaries by Kevin Kelly, founding Executive Editor of WIRED',''),
 ('116','https://kibty.town','goolian','2024-08-08 15:38:04','blog,cybersecurity,hacking,infosec,security,tech','Eva''s infosec blog',''),
 ('117','https://alexsci.com/rss-blogroll-network/','goolian','2024-08-08 15:44:35','OPML,RSS,blogroll,fediverse,network,visualization','Robert Alexander''s Blogroll Network Map',''),
 ('118','https://how-did-i-get-here.net/','goolian','2024-08-08 15:44:35','Internet,networking,routing,traceroute,visualization','A cool-as-shit dynamic traceroute powered by custom software, married with an informative article about how the BGP routing protocol works and guides the shape of the Internet.','https://how-did-i-get-here.net/banner.png'),
 ('119','https://basarat.gitbook.io/typescript','goolian','2024-08-16 21:24:07','@basarat,documentation,guide,typescript','TypeScript Deep Dive (free online book) by @basarat','https://basarat.gitbook.io/typescript/~gitbook/ogimage/-LxQ3jd_Z3snLZ7ef2c3'),
 ('4da68cf6-6e11-4f66-9069-ad18c396916e','https://www.youtube.com/watch?v=MquaityA1SM','goolian','2024-08-19 01:49:53','Erik Falor,VIM,YouTube,coding,line editors,presentation,talk','The best VIM talk I have found yet. Informative, well explained, and with good jokes. Thoroughly enjoyed.','https://i.ytimg.com/vi/MquaityA1SM/maxresdefault.jpg');
INSERT INTO "Link Copies" ("id","link_id","user_id") VALUES ('1','11','1'),
 ('2','1','8'),
 ('3','13','6'),
 ('4','21','4'),
 ('5','23','1'),
 ('7','13','1'),
 ('12','1','9'),
 ('13','0','9'),
 ('15','19','3'),
 ('16','32','3'),
 ('17','31','3'),
 ('21','97','3'),
 ('22','99','3'),
 ('23','99','9'),
 ('24','102','3'),
 ('25','104','9');
INSERT INTO "Link Likes" ("id","link_id","user_id") VALUES ('2','7','1'),
 ('3','1','4'),
 ('4','7','6'),
 ('5','10','4'),
 ('6','0','7'),
 ('8','19','1'),
 ('17','15','9'),
 ('20','9','9'),
 ('21','11','9'),
 ('22','8','9'),
 ('23','14','9'),
 ('26','7','9'),
 ('27','10','9'),
 ('29','23','9'),
 ('32','24','3'),
 ('33','21','3'),
 ('35','32','3'),
 ('36','31','3'),
 ('37','93','13'),
 ('39','103','3'),
 ('40','102','3'),
 ('41','103','9'),
 ('42','91','3'),
 ('43','105','9'),
 ('44','109','9'),
 ('45','102','9'),
 ('46','101','9'),
 ('47','93','9'),
 ('48','110','9'),
 ('49','99','9'),
 ('50','109','13');
INSERT INTO "Tags" ("id","link_id","cats","submitted_by","last_updated") VALUES ('4','1','flowers','xyz','2024-04-28 15:38:15'),
 ('5','0','flowers','Julian','2024-04-28 15:41:48'),
 ('6','8','flowers','Julian','2024-04-28 15:46:01'),
 ('11','10','flowers,umvc3','Julian','2024-05-01 03:38:33'),
 ('13','1','jungle,idk,something','nelson','2024-05-02 23:32:48'),
 ('24','9','jungle,umvc3,something','nelson','2024-05-03 01:48:36'),
 ('26','8','jungle,umvc3,something','nelson','2024-05-03 01:51:30'),
 ('29','10','jungle,umvc3,something','nelson','2024-05-03 02:00:18'),
 ('30','1','star,wars','boolian','2024-05-03 13:58:50'),
 ('32','1','monkeys,something','goolian','2024-06-26 21:12:11'),
 ('34','13','food,beer,games','goolian','2024-05-04 20:02:17'),
 ('35','14','food,beer,games','nelson','2024-05-04 20:08:44'),
 ('36','15','animals,nonsense','Julian','2024-05-08 18:07:10'),
 ('40','19','webdev,frontend,serverless,idkwhatserverlessmeans','bradley','2024-06-17 13:27:59'),
 ('42','21','no,summary,this,time','bradley','2024-05-09 23:24:38'),
 ('43','22','barbie,doll','bradley','2024-05-14 21:21:22'),
 ('44','23','streaming,lameness','bradley','2024-05-14 21:23:30'),
 ('45','8','bingles,sauciness,umvc3','bradley','2024-07-30 18:31:15'),
 ('46','1','i,hate,sql','Julian','2024-05-20 22:12:58'),
 ('48','24','ROCKS,ronnyj,test,testing','bradley','2024-06-22 15:43:20'),
 ('50','26','flowers,pokemans','bradley','2024-06-21 06:12:03'),
 ('51','27','hacking,fun','bradley','2024-05-26 17:21:38'),
 ('53','29','mahvel,baby','bradley','2024-05-28 15:00:31'),
 ('54','30',' hype,LT,marvel','bradley','2024-06-23 02:35:09'),
 ('55','31','nerd,shit,flowerss','bradley','2024-05-31 21:12:45'),
 ('56','32','nerd,shit','bradley','2024-07-18 18:54:11'),
 ('58','35','cool,share.web.content,site,to','bradley','2024-06-18 16:17:42'),
 ('60','37','better,plain,than,yahoo','bradley','2024-06-18 16:24:30'),
 ('75','52','go,golang,http,library,net,router','bradley','2024-06-18 18:10:49'),
 ('78','55','news,old','bradley','2024-06-18 18:17:48'),
 ('85','62','braincell,death,formula','bradley','2024-06-21 04:50:13'),
 ('86','63','goated,reference,wiki','bradley','2024-06-21 06:17:34'),
 ('99','76','engine,search','bradley','2024-06-21 16:23:45'),
 ('102','79','https,no','bradley','2024-06-21 16:38:03'),
 ('103','80','http,request,service','bradley','2024-06-21 16:44:46'),
 ('104','81','http,only','bradley','2024-06-21 16:46:24'),
 ('105','82','battery,cat,rat','bradley','2024-06-22 14:49:26'),
 ('107','13','ping pong,sing song','bradley','2024-06-23 02:23:21'),
 ('108','10','fake,nonsense','bradley','2024-08-13 17:55:58'),
 ('109','84','comics','bradley','2024-06-23 02:36:13'),
 ('110','85','music,or,something','bradley','2024-06-23 02:41:30'),
 ('111','7','7,baby,lucky','goolian','2024-06-24 21:07:36'),
 ('112','23','platform,streaming,tv','goolian','2024-06-24 20:48:25'),
 ('113','19','bingie shmingie,bingiebingie','goolian','2024-06-24 22:26:02'),
 ('114','22','barbie,magic,wow','goolian','2024-06-25 01:19:35'),
 ('115','32','merry,wristmas','goolian','2024-06-26 21:00:41'),
 ('116','31','coding,education,examples,webdev','goolian','2024-06-28 14:09:16'),
 ('117','86','blog,cybersecurity,hacking,infosec','monkey','2024-06-28 18:14:03'),
 ('121','90','answers,coding','monkey','2024-06-28 19:33:18'),
 ('122','90','hacking,l33t,skillz','goolian','2024-06-29 03:56:56'),
 ('127','86','web security','goolian','2024-06-29 04:27:41'),
 ('128','30','combo breaker,footsies,hype,marvel','monkey','2024-06-29 14:33:35'),
 ('129','79','connection,example,https,unsecure','monkey','2024-06-29 14:37:39'),
 ('130','31','coding,education,video,web server,youtube','monkey','2024-06-29 14:41:46'),
 ('131','1','jungle,knights,monkeys,talladega','monkey','2024-06-29 15:13:30'),
 ('132','91','blog,computation,math,mathematica,technology,wolfram,writings','monkey','2024-06-29 15:24:00'),
 ('133','92','shit,stain','monkey','2024-06-29 15:43:05'),
 ('134','93','history,website,www','goolian','2024-07-01 14:53:41'),
 ('135','85','meh,music,radio','goolian','2024-07-01 14:56:36'),
 ('139','97','coding,music,programming,radio,synth','monkey','2024-07-03 01:56:11'),
 ('141','99','free,icons,pack,resource,svg','goolian','2024-07-05 22:07:56'),
 ('143','101','classic,games,nostalgia,online','monkey','2024-07-10 04:06:34'),
 ('144','102','based,cooking,recipes','monkey','2024-07-11 00:06:09'),
 ('145','103','film,movies,ratings,reviews,tv','monkey','2024-07-11 00:08:21'),
 ('146','104','simple,test,webpage','monkey','2024-07-11 00:11:37'),
 ('147','104','basic,html,webpage','bradley','2024-07-13 20:44:16'),
 ('150','93','cookies,nostalgia','bradley','2024-07-18 18:43:49'),
 ('151','102','food,no-ads,recipes','bradley','2024-07-30 18:15:08'),
 ('152','8','blarvy,jarvy','goolian','2024-07-21 02:38:38'),
 ('153','105','coding,go,guide,patterns,style,uber','goolian','2024-07-23 01:33:10'),
 ('156','108','coding,go,patterns,programming','goolian','2024-07-23 18:22:05'),
 ('157','109','alex edwards,blog,coding,go,programming,web dev','goolian','2024-07-24 01:32:53'),
 ('158','110','anti-capitalist,blog,tech','goolian','2024-07-26 21:43:11'),
 ('159','103','actors,film,movies,reviews,tv','goolian','2024-08-05 19:49:35'),
 ('160','110','blog,tech','bradley','2024-08-07 03:11:44'),
 ('162','114','AI,Google,LLM,Luddite,SEO,Search engines,ads,website','goolian','2024-08-08 15:21:18'),
 ('163','115','documentary,film,kevin kelly,rankings,reviews','goolian','2024-08-08 15:21:18'),
 ('164','116','blog,cybersecurity,infosec,security,tech','goolian','2024-08-08 15:38:04'),
 ('165','117','OPML,RSS,blogroll,fediverse,network,visualization','goolian','2024-08-08 15:44:35'),
 ('166','118','Internet,networking,routing,traceroute,visualization','goolian','2024-08-08 15:44:35'),
 ('167','116','blog,cybersecurity,hacking','bradley','2024-08-13 02:22:51'),
 ('168','10','test','xyz','2024-04-28 15:41:48'),
 ('169','11','test','xyz','2024-04-28 15:41:48'),
 ('170','119','@basarat,documentation,guide,typescript','goolian','2024-08-16 21:24:07'),
 ('02cf46bf-c8bf-4498-b2cb-4f1a04dc3869','4da68cf6-6e11-4f66-9069-ad18c396916e','Erik Falor,VIM,YouTube,coding,line editors,presentation,talk','goolian','2024-08-19 01:49:53');
INSERT INTO "Summaries" ("id","text","link_id","submitted_by","last_updated") VALUES ('1','a great summary','7','1','2024-04-10 03:48:09'),
 ('3','xyz','1','1','2024-04-10 03:48:09'),
 ('4','romulus','1','5','2024-04-10 03:48:09'),
 ('5','Jason','7','1','2024-04-10 03:48:09'),
 ('6','Biggs','14','9','2024-04-10 03:48:09'),
 ('7','Halloween','15','3','2024-04-10 03:48:09'),
 ('8','howzahhuzzah idk im tired','1','8','2024-04-10 03:48:09'),
 ('12','biscuits','14','6','2024-04-10 03:48:09'),
 ('13','donut','15','6','2024-04-10 03:48:09'),
 ('15','Jarvis the impaler','8','1','2024-04-10 03:48:09'),
 ('17','Vercel: Build and deploy the best Web experiences with The Frontend Cloud','19','9','2024-04-10 03:48:09'),
 ('19','A magnificent summary of this link''s content','9','7','2024-04-10 03:48:09'),
 ('20','Barbie Toys & Playsets | Mattel Shop','22','9','2024-04-10 03:48:09'),
 ('22','a stupendous summary','21','9','2024-04-10 03:48:09'),
 ('24','Jarvy init','8','8','2024-04-10 03:48:09'),
 ('25','Ron Jarzombek official website','24','9','2024-04-10 03:48:09'),
 ('27','Serebii.net - Where Legends Come To Life','26','9','2024-04-10 03:48:09'),
 ('28','Hacker News','27','9','2024-04-10 03:48:09'),
 ('29','Match Timestamps:0:00 Intro3:04 LiberalTerminator (Nova, Spencer, Doom) vs. BManTheBigHero (Deadpool, Dante, Hawkeye)17:00 Evasion (Zero, Dante, Vergil) vs. ...','29','9','2024-04-10 03:48:09'),
 ('30','COMBO BREAKER 2024 UMvC3 Top 32 (LiberalTerminator Ronan Healy Frankie G Wedge iDom) Marvel Tourney - YouTube','30','9','2024-04-10 03:48:09'),
 ('31','Web Server Concepts and Examples - YouTube','31','9','2024-04-10 03:48:09'),
 ('32','Apache vs NGINX - YouTube','32','9','2024-04-10 03:48:09'),
 ('33','Bingie Bingie!','7','9','2024-04-10 03:48:09'),
 ('34','Summary baby','15','9','2024-04-10 03:48:09'),
 ('35','Doesn''t seem to be a real site...','10','9','2024-06-08 03:19:16'),
 ('36','Excellent time-wasting resource','23','4','2024-06-10 03:48:09'),
 ('46','Reddit - Dive into anything','35','9','2024-06-18 16:17:42'),
 ('48','Yahoo Finance - Stock Market Live, Quotes, Business & Finance News','37','9','2024-06-18 16:24:30'),
 ('57','A lightweight, idiomatic and composable router for building Go HTTP services.','52','9','2024-06-18 18:10:49'),
 ('58','Latest news coverage, email, free stock quotes, live scores and video are just the beginning. Discover more every day at Yahoo!','55','9','2024-06-18 18:17:48'),
 ('59','Facebook','62','9','2024-06-18 18:51:49'),
 ('60','E-encyclopedia','63','9','2024-08-13 02:35:48'),
 ('62','People use Yelp to search for everything from the city''s tastiest burger to the most renowned cardiologist. What will you uncover in your neighborhood?','82','9','2024-06-22 14:49:26'),
 ('63','Marvel.com is the official site of Marvel Entertainment! Browse official Marvel movies, characters, comics, TV shows, videos, & more.','84','9','2024-06-23 02:36:13'),
 ('64','Play the songs, albums, playlists and podcasts you love on the all-new Pandora. Sign up for a subscription plan to stream ad-free and on-demand. Listen on your mobile phone, desktop, TV, smart speakers or in the car.','85','9','2024-06-23 02:41:30'),
 ('65','Example HTML page','79','3','2024-06-26 20:54:52'),
 ('67','Mama Mia','32','3','2024-06-28 14:30:32'),
 ('68','Mediocre music discovery site','85','3','2024-06-28 15:55:23'),
 ('69','Yelp rocks!','82','3','2024-06-28 16:33:35'),
 ('72','Founded in 2008, Stack Overflow’s public platform is used by nearly everyone who codes to learn, share their knowledge, collaborate, and build their careers.','90','13','2024-06-28 19:33:18'),
 ('73','Confirmed: not a real site','10','13','2024-06-29 15:14:38'),
 ('74','Collection of articles by Stephen Wolfram sorted by date. Topics include artificial intelligence, computational science and computational thinking, data science, education, future and historical perspectives, sciences, software design, technology, Wolfram products, more.','91','13','2024-06-29 15:24:00'),
 ('75','1 billion members | Manage your professional identity. Build and engage with your professional network. Access knowledge, insights and opportunities.','92','13','2024-06-29 15:43:05'),
 ('77','Homepage for company who develops popular frontend webdev framework Next.js','19','13','2024-06-29 15:55:16'),
 ('78','The very first website!','93','3','2024-07-01 14:54:10'),
 ('80','Programming music playlists and browser audio player','97','13','2024-07-03 01:56:11'),
 ('81','The almighty kingdom of ass-kissery and empty corporate fluff language','92','3','2024-07-05 20:53:06'),
 ('82','Not a real address, tragically.','8','3','2024-07-05 21:22:20'),
 ('84','Open source vector icons from all popular icon sets','99','3','2024-07-05 22:07:56'),
 ('85','Vintage internet','93','13','2024-07-07 05:42:02'),
 ('87','OneMorelevel is your daily source for free addictive Flash games. Action, puzzle, RPG, sports and more! Visit One More Level Now.','101','ca39e263-2ac7-4d70-abc5-b9b8f1bff332','2024-07-10 04:06:34'),
 ('88','The fast-loading recipe site with cooking only and no ads.','102','ca39e263-2ac7-4d70-abc5-b9b8f1bff332','2024-07-11 00:06:09'),
 ('90','Luke Smith''s based cooking site','102','13','2024-07-11 00:06:40'),
 ('91','Movie stuff','103','13','2024-07-11 00:08:21'),
 ('92','A very simple webpage','104','ca39e263-2ac7-4d70-abc5-b9b8f1bff332','2024-07-11 00:11:37'),
 ('93','sErVeRlEsS','19','3','2024-07-13 02:28:17'),
 ('97','Nostalgic','101','3','2024-07-18 03:29:08'),
 ('98','Uber''s guidelines for writing Go code','105','3','2024-07-23 01:33:10'),
 ('103','Effective Go - The Go Programming Language','108','ca39e263-2ac7-4d70-abc5-b9b8f1bff332','2024-07-23 18:22:05'),
 ('104','Effective patterns for coding in Go','108','3','2024-07-23 18:22:05'),
 ('105','Articles (sorted by publication date) - Alex Edwards','109','ca39e263-2ac7-4d70-abc5-b9b8f1bff332','2024-07-24 01:32:53'),
 ('106','Alex Edwards Go coding blog','109','3','2024-07-24 01:32:53'),
 ('107','Site about pong?','13','3','2024-07-26 15:20:44'),
 ('108','An anticapitalist tech blog. Embrace the technology that liberates us. Smash that which does not.','110','ca39e263-2ac7-4d70-abc5-b9b8f1bff332','2024-07-26 21:43:11'),
 ('110','yahoiey','102','3','2024-08-03 02:42:59'),
 ('111','A tragic story of chasing SEO while publishing on today''s web','114','3','2024-08-08 15:21:18'),
 ('112','True Films','115','ca39e263-2ac7-4d70-abc5-b9b8f1bff332','2024-08-08 15:21:18'),
 ('113','Reviews of great documentaries by Kevin Kelly, founding Executive Editor of WIRED','115','3','2024-08-08 15:21:18'),
 ('114','eva''s site','116','ca39e263-2ac7-4d70-abc5-b9b8f1bff332','2024-08-08 15:38:04'),
 ('115','Eva''s infosec blog','116','3','2024-08-08 15:38:04'),
 ('116','Blogroll Network Map','117','ca39e263-2ac7-4d70-abc5-b9b8f1bff332','2024-08-08 15:44:35'),
 ('117','Robert Alexander''s Blogroll Network Map','117','3','2024-08-08 15:44:35'),
 ('118','A cool-as-shit dynamic traceroute powered by custom software, married with an informative article about how the BGP routing protocol works and guides the shape of the Internet.','118','ca39e263-2ac7-4d70-abc5-b9b8f1bff332','2024-08-08 15:44:35'),
 ('119','Cool visualization / summary of how Internet routing works by Lexi Mattick','118','3','2024-08-08 15:44:35'),
 ('120','Classic search engine','0','9','2024-08-13 02:22:51'),
 ('121','Awesome!','118','9','2024-08-13 02:22:51'),
 ('122','README | TypeScript Deep Dive','119','ca39e263-2ac7-4d70-abc5-b9b8f1bff332','2024-08-16 21:24:07'),
 ('123','TypeScript Deep Dive (free online book) by @basarat','119','3','2024-08-16 21:24:07'),
 ('22d41e1f-56cd-4cfa-a1e7-eaa3b959c125','Cool site from epic guitar master!','24','3','2024-08-17 14:47:47'),
 ('aa20c545-9be8-4185-9445-8dcb3b222bb7','Vi is more than just a text editor; it has become a way of life for power users who can get more done than their peers who use traditional pointy-clicky edit...','4da68cf6-6e11-4f66-9069-ad18c396916e','ca39e263-2ac7-4d70-abc5-b9b8f1bff332','2024-08-19 01:49:53'),
 ('48d9889b-62f9-472a-8b0f-e8a16e8e02b6','The best VIM talk I have found yet. Informative, well explained, and with good jokes. Thoroughly enjoyed.','4da68cf6-6e11-4f66-9069-ad18c396916e','3','2024-08-19 01:49:53');
INSERT INTO "Summary Likes" ("id","summary_id","user_id") VALUES ('4','4','1'),
 ('5','3','4'),
 ('7','1','3'),
 ('53','36','9'),
 ('54','3','9'),
 ('55','36','3'),
 ('56','32','3'),
 ('57','64','3'),
 ('58','68','13'),
 ('59','35','13'),
 ('61','24','3'),
 ('62','78','9'),
 ('64','75','9'),
 ('66','81','13'),
 ('67','78','13'),
 ('68','88','13'),
 ('69','17','3'),
 ('71','88','3'),
 ('72','87','3'),
 ('73','82','9'),
 ('74','118','3'),
 ('75','118','9'),
 ('2406c3c3-6795-4626-b8c2-8ed12b37dd6c','25','3');
COMMIT;
